Reference_Article	Code_Barre	Type_Article	Nom_Article	Dominant	Saison	Genre	Famille	Couleur	Marque	Nom_Fournisseur	Description	Declinaison	TauxTaxe_TVA	PrixVente_TTC	DateApplication_PrixVente	QteEnStock
5012202322007	5012202322045	Homme	Chemise pure soie	Chemise	Stand'Up	Homme			MUTINY TAHITI	KOKOLO	Collection "Stand'Up" – Washing MachineKin_13Chemise Homme Coupe droite Manches courtes - Ouverture zippéeKin_13Pure SoieKin_13M/DEEP HEATHER	Modèle=Washing Machine:Taille=M:Couleur_Texture=DEEP HEATHER:Extras=Ouverture zippée	16	12700	01/04/15	10
5012202322007	5012202422042	Homme	Chemise pure soie	Chemise	Stand'Up	Homme			MUTINY TAHITI	KOKOLO	Collection "Stand'Up" – Washing MachineKin_13Chemise Homme Coupe droite Manches courtes - Ouverture boutonsKin_13Pure SoieKin_13M/DEEP HEATHER	Modèle=Washing Machine:Taille=M:Couleur_Texture=DEEP HEATHER:Extras=Ouverture boutons	16	12200	01/04/15	10
5012202322007	5012202522049	Homme	Chemise pure soie	Chemise	Stand'Up	Homme			MUTINY TAHITI	KOKOLO	Collection "Stand'Up" – Washing MachineKin_13Chemise Homme Coupe droite Manches courtes - Maille piquéeKin_13Pure SoieKin_13M/DEEP HEATHER	Modèle=Washing Machine:Taille=M:Couleur_Texture=DEEP HEATHER:Extras=Maille piquée	16	13200	01/04/15	10
5012202322007	5012202322052	Homme	Chemise pure soie	Chemise	Stand'Up	Homme			MUTINY TAHITI	KOKOLO	Collection "Stand'Up" – Washing MachineKin_13Chemise Homme Coupe droite Manches courtes - Ouverture zippéeKin_13Pure SoieKin_13M/BROWN	Modèle=Washing Machine:Taille=M:Couleur_Texture=BROWN:Extras=Ouverture zippée	16	12700	01/04/15	10
5012202322007	5012202422059	Homme	Chemise pure soie	Chemise	Stand'Up	Homme			MUTINY TAHITI	KOKOLO	Collection "Stand'Up" – Washing MachineKin_13Chemise Homme Coupe droite Manches courtes - Ouverture boutonsKin_13Pure SoieKin_13M/BROWN	Modèle=Washing Machine:Taille=M:Couleur_Texture=BROWN:Extras=Ouverture boutons	16	12200	01/04/15	10
5012202322007	5012202522056	Homme	Chemise pure soie	Chemise	Stand'Up	Homme			MUTINY TAHITI	KOKOLO	Collection "Stand'Up" – Washing MachineKin_13Chemise Homme Coupe droite Manches courtes - Maille piquéeKin_13Pure SoieKin_13M/BROWN	Modèle=Washing Machine:Taille=M:Couleur_Texture=BROWN:Extras=Maille piquée	16	13200	01/04/15	10
5012202322007	5012202322069	Homme	Chemise pure soie	Chemise	Stand'Up	Homme			MUTINY TAHITI	KOKOLO	Collection "Stand'Up" – Washing MachineKin_13Chemise Homme Coupe droite Manches courtes - Ouverture zippéeKin_13Pure SoieKin_13M/NAVY	Modèle=Washing Machine:Taille=M:Couleur_Texture=NAVY:Extras=Ouverture zippée	16	12700	01/04/15	10
5012202322007	5012202422066	Homme	Chemise pure soie	Chemise	Stand'Up	Homme			MUTINY TAHITI	KOKOLO	Collection "Stand'Up" – Washing MachineKin_13Chemise Homme Coupe droite Manches courtes - Ouverture boutonsKin_13Pure SoieKin_13M/NAVY	Modèle=Washing Machine:Taille=M:Couleur_Texture=NAVY:Extras=Ouverture boutons	16	12200	01/04/15	10
5012202322007	5012202522063	Homme	Chemise pure soie	Chemise	Stand'Up	Homme			MUTINY TAHITI	KOKOLO	Collection "Stand'Up" – Washing MachineKin_13Chemise Homme Coupe droite Manches courtes - Maille piquéeKin_13Pure SoieKin_13M/NAVY	Modèle=Washing Machine:Taille=M:Couleur_Texture=NAVY:Extras=Maille piquée	16	13200	01/04/15	10
5012202322007	5012202323042	Homme	Chemise pure soie	Chemise	Stand'Up	Homme			MUTINY TAHITI	KOKOLO	Collection "Stand'Up" – Washing MachineKin_13Chemise Homme Coupe droite Manches courtes - Ouverture zippéeKin_13Pure SoieKin_13L/DEEP HEATHER	Modèle=Washing Machine:Taille=L:Couleur_Texture=DEEP HEATHER:Extras=Ouverture zippée	16	13000	01/04/15	10
5012202322007	5012202423049	Homme	Chemise pure soie	Chemise	Stand'Up	Homme			MUTINY TAHITI	KOKOLO	Collection "Stand'Up" – Washing MachineKin_13Chemise Homme Coupe droite Manches courtes - Ouverture boutonsKin_13Pure SoieKin_13L/DEEP HEATHER	Modèle=Washing Machine:Taille=L:Couleur_Texture=DEEP HEATHER:Extras=Ouverture boutons	16	12500	01/04/15	10
5012202322007	5012202523046	Homme	Chemise pure soie	Chemise	Stand'Up	Homme			MUTINY TAHITI	KOKOLO	Collection "Stand'Up" – Washing MachineKin_13Chemise Homme Coupe droite Manches courtes - Maille piquéeKin_13Pure SoieKin_13L/DEEP HEATHER	Modèle=Washing Machine:Taille=L:Couleur_Texture=DEEP HEATHER:Extras=Maille piquée	16	13500	01/04/15	10
5012202322007	5012202323059	Homme	Chemise pure soie	Chemise	Stand'Up	Homme			MUTINY TAHITI	KOKOLO	Collection "Stand'Up" – Washing MachineKin_13Chemise Homme Coupe droite Manches courtes - Ouverture zippéeKin_13Pure SoieKin_13L/BROWN	Modèle=Washing Machine:Taille=L:Couleur_Texture=BROWN:Extras=Ouverture zippée	16	13000	01/04/15	10
5012202322007	5012202423056	Homme	Chemise pure soie	Chemise	Stand'Up	Homme			MUTINY TAHITI	KOKOLO	Collection "Stand'Up" – Washing MachineKin_13Chemise Homme Coupe droite Manches courtes - Ouverture boutonsKin_13Pure SoieKin_13L/BROWN	Modèle=Washing Machine:Taille=L:Couleur_Texture=BROWN:Extras=Ouverture boutons	16	12500	01/04/15	10
5012202322007	5012202523053	Homme	Chemise pure soie	Chemise	Stand'Up	Homme			MUTINY TAHITI	KOKOLO	Collection "Stand'Up" – Washing MachineKin_13Chemise Homme Coupe droite Manches courtes - Maille piquéeKin_13Pure SoieKin_13L/BROWN	Modèle=Washing Machine:Taille=L:Couleur_Texture=BROWN:Extras=Maille piquée	16	13500	01/04/15	10
5012202322007	5012202323066	Homme	Chemise pure soie	Chemise	Stand'Up	Homme			MUTINY TAHITI	KOKOLO	Collection "Stand'Up" – Washing MachineKin_13Chemise Homme Coupe droite Manches courtes - Ouverture zippéeKin_13Pure SoieKin_13L/NAVY	Modèle=Washing Machine:Taille=L:Couleur_Texture=NAVY:Extras=Ouverture zippée	16	13000	01/04/15	10
5012202322007	5012202423063	Homme	Chemise pure soie	Chemise	Stand'Up	Homme			MUTINY TAHITI	KOKOLO	Collection "Stand'Up" – Washing MachineKin_13Chemise Homme Coupe droite Manches courtes - Ouverture boutonsKin_13Pure SoieKin_13L/NAVY	Modèle=Washing Machine:Taille=L:Couleur_Texture=NAVY:Extras=Ouverture boutons	16	12500	01/04/15	10
5012202322007	5012202523060	Homme	Chemise pure soie	Chemise	Stand'Up	Homme			MUTINY TAHITI	KOKOLO	Collection "Stand'Up" – Washing MachineKin_13Chemise Homme Coupe droite Manches courtes - Maille piquéeKin_13Pure SoieKin_13L/NAVY	Modèle=Washing Machine:Taille=L:Couleur_Texture=NAVY:Extras=Maille piquée	16	13500	01/04/15	10
5012202322007	5012202324049	Homme	Chemise pure soie	Chemise	Stand'Up	Homme			MUTINY TAHITI	KOKOLO	Collection "Stand'Up" – Washing MachineKin_13Chemise Homme Coupe droite Manches courtes - Ouverture zippéeKin_13Pure SoieKin_13XL/DEEP HEATHER	Modèle=Washing Machine:Taille=XL:Couleur_Texture=DEEP HEATHER:Extras=Ouverture zippée	16	13200	01/04/15	10
5012202322007	5012202424046	Homme	Chemise pure soie	Chemise	Stand'Up	Homme			MUTINY TAHITI	KOKOLO	Collection "Stand'Up" – Washing MachineKin_13Chemise Homme Coupe droite Manches courtes - Ouverture boutonsKin_13Pure SoieKin_13XL/DEEP HEATHER	Modèle=Washing Machine:Taille=XL:Couleur_Texture=DEEP HEATHER:Extras=Ouverture boutons	16	12700	01/04/15	10
5012202322007	5012202524043	Homme	Chemise pure soie	Chemise	Stand'Up	Homme			MUTINY TAHITI	KOKOLO	Collection "Stand'Up" – Washing MachineKin_13Chemise Homme Coupe droite Manches courtes - Maille piquéeKin_13Pure SoieKin_13XL/DEEP HEATHER	Modèle=Washing Machine:Taille=XL:Couleur_Texture=DEEP HEATHER:Extras=Maille piquée	16	13700	01/04/15	10
5012202322007	5012202324056	Homme	Chemise pure soie	Chemise	Stand'Up	Homme			MUTINY TAHITI	KOKOLO	Collection "Stand'Up" – Washing MachineKin_13Chemise Homme Coupe droite Manches courtes - Ouverture zippéeKin_13Pure SoieKin_13XL/BROWN	Modèle=Washing Machine:Taille=XL:Couleur_Texture=BROWN:Extras=Ouverture zippée	16	13200	01/04/15	10
5012202322007	5012202424053	Homme	Chemise pure soie	Chemise	Stand'Up	Homme			MUTINY TAHITI	KOKOLO	Collection "Stand'Up" – Washing MachineKin_13Chemise Homme Coupe droite Manches courtes - Ouverture boutonsKin_13Pure SoieKin_13XL/BROWN	Modèle=Washing Machine:Taille=XL:Couleur_Texture=BROWN:Extras=Ouverture boutons	16	12700	01/04/15	10
5012202322007	5012202524050	Homme	Chemise pure soie	Chemise	Stand'Up	Homme			MUTINY TAHITI	KOKOLO	Collection "Stand'Up" – Washing MachineKin_13Chemise Homme Coupe droite Manches courtes - Maille piquéeKin_13Pure SoieKin_13XL/BROWN	Modèle=Washing Machine:Taille=XL:Couleur_Texture=BROWN:Extras=Maille piquée	16	13700	01/04/15	10
5012202322007	5012202324063	Homme	Chemise pure soie	Chemise	Stand'Up	Homme			MUTINY TAHITI	KOKOLO	Collection "Stand'Up" – Washing MachineKin_13Chemise Homme Coupe droite Manches courtes - Ouverture zippéeKin_13Pure SoieKin_13XL/NAVY	Modèle=Washing Machine:Taille=XL:Couleur_Texture=NAVY:Extras=Ouverture zippée	16	13200	01/04/15	10
5012202322007	5012202424060	Homme	Chemise pure soie	Chemise	Stand'Up	Homme			MUTINY TAHITI	KOKOLO	Collection "Stand'Up" – Washing MachineKin_13Chemise Homme Coupe droite Manches courtes - Ouverture boutonsKin_13Pure SoieKin_13XL/NAVY	Modèle=Washing Machine:Taille=XL:Couleur_Texture=NAVY:Extras=Ouverture boutons	16	12700	01/04/15	10
5012202322007	5012202524067	Homme	Chemise pure soie	Chemise	Stand'Up	Homme			MUTINY TAHITI	KOKOLO	Collection "Stand'Up" – Washing MachineKin_13Chemise Homme Coupe droite Manches courtes - Maille piquéeKin_13Pure SoieKin_13XL/NAVY	Modèle=Washing Machine:Taille=XL:Couleur_Texture=NAVY:Extras=Maille piquée	16	13700	01/04/15	10
5012202322007	5012203322044	Homme	Chemise pure soie	Chemise	Stand'Up	Homme			MUTINY TAHITI	KOKOLO	Collection "Stand'Up" – Stars LoversKin_13Chemise Homme Coupe droite Manches courtes - Ouverture zippéeKin_13Pure SoieKin_13M/DEEP HEATHER	Modèle=Stars Lovers:Taille=M:Couleur_Texture=DEEP HEATHER:Extras=Ouverture zippée	16	12700	01/04/15	10
5012202322007	5012203422041	Homme	Chemise pure soie	Chemise	Stand'Up	Homme			MUTINY TAHITI	KOKOLO	Collection "Stand'Up" – Stars LoversKin_13Chemise Homme Coupe droite Manches courtes - Ouverture boutonsKin_13Pure SoieKin_13M/DEEP HEATHER	Modèle=Stars Lovers:Taille=M:Couleur_Texture=DEEP HEATHER:Extras=Ouverture boutons	16	12200	01/04/15	10
5012202322007	5012203522048	Homme	Chemise pure soie	Chemise	Stand'Up	Homme			MUTINY TAHITI	KOKOLO	Collection "Stand'Up" – Stars LoversKin_13Chemise Homme Coupe droite Manches courtes - Maille piquéeKin_13Pure SoieKin_13M/DEEP HEATHER	Modèle=Stars Lovers:Taille=M:Couleur_Texture=DEEP HEATHER:Extras=Maille piquée	16	13200	01/04/15	10
5012202322007	5012203322051	Homme	Chemise pure soie	Chemise	Stand'Up	Homme			MUTINY TAHITI	KOKOLO	Collection "Stand'Up" – Stars LoversKin_13Chemise Homme Coupe droite Manches courtes - Ouverture zippéeKin_13Pure SoieKin_13M/BROWN	Modèle=Stars Lovers:Taille=M:Couleur_Texture=BROWN:Extras=Ouverture zippée	16	12700	01/04/15	10
5012202322007	5012203422058	Homme	Chemise pure soie	Chemise	Stand'Up	Homme			MUTINY TAHITI	KOKOLO	Collection "Stand'Up" – Stars LoversKin_13Chemise Homme Coupe droite Manches courtes - Ouverture boutonsKin_13Pure SoieKin_13M/BROWN	Modèle=Stars Lovers:Taille=M:Couleur_Texture=BROWN:Extras=Ouverture boutons	16	12200	01/04/15	10
5012202322007	5012203522055	Homme	Chemise pure soie	Chemise	Stand'Up	Homme			MUTINY TAHITI	KOKOLO	Collection "Stand'Up" – Stars LoversKin_13Chemise Homme Coupe droite Manches courtes - Maille piquéeKin_13Pure SoieKin_13M/BROWN	Modèle=Stars Lovers:Taille=M:Couleur_Texture=BROWN:Extras=Maille piquée	16	13200	01/04/15	10
5012202322007	5012203322068	Homme	Chemise pure soie	Chemise	Stand'Up	Homme			MUTINY TAHITI	KOKOLO	Collection "Stand'Up" – Stars LoversKin_13Chemise Homme Coupe droite Manches courtes - Ouverture zippéeKin_13Pure SoieKin_13M/NAVY	Modèle=Stars Lovers:Taille=M:Couleur_Texture=NAVY:Extras=Ouverture zippée	16	12700	01/04/15	10
5012202322007	5012203422065	Homme	Chemise pure soie	Chemise	Stand'Up	Homme			MUTINY TAHITI	KOKOLO	Collection "Stand'Up" – Stars LoversKin_13Chemise Homme Coupe droite Manches courtes - Ouverture boutonsKin_13Pure SoieKin_13M/NAVY	Modèle=Stars Lovers:Taille=M:Couleur_Texture=NAVY:Extras=Ouverture boutons	16	12200	01/04/15	10
5012202322007	5012203522062	Homme	Chemise pure soie	Chemise	Stand'Up	Homme			MUTINY TAHITI	KOKOLO	Collection "Stand'Up" – Stars LoversKin_13Chemise Homme Coupe droite Manches courtes - Maille piquéeKin_13Pure SoieKin_13M/NAVY	Modèle=Stars Lovers:Taille=M:Couleur_Texture=NAVY:Extras=Maille piquée	16	13200	01/04/15	10
5012202322007	5012203323041	Homme	Chemise pure soie	Chemise	Stand'Up	Homme			MUTINY TAHITI	KOKOLO	Collection "Stand'Up" – Stars LoversKin_13Chemise Homme Coupe droite Manches courtes - Ouverture zippéeKin_13Pure SoieKin_13L/DEEP HEATHER	Modèle=Stars Lovers:Taille=L:Couleur_Texture=DEEP HEATHER:Extras=Ouverture zippée	16	13000	01/04/15	10
5012202322007	5012203423048	Homme	Chemise pure soie	Chemise	Stand'Up	Homme			MUTINY TAHITI	KOKOLO	Collection "Stand'Up" – Stars LoversKin_13Chemise Homme Coupe droite Manches courtes - Ouverture boutonsKin_13Pure SoieKin_13L/DEEP HEATHER	Modèle=Stars Lovers:Taille=L:Couleur_Texture=DEEP HEATHER:Extras=Ouverture boutons	16	12500	01/04/15	10
5012202322007	5012203523045	Homme	Chemise pure soie	Chemise	Stand'Up	Homme			MUTINY TAHITI	KOKOLO	Collection "Stand'Up" – Stars LoversKin_13Chemise Homme Coupe droite Manches courtes - Maille piquéeKin_13Pure SoieKin_13L/DEEP HEATHER	Modèle=Stars Lovers:Taille=L:Couleur_Texture=DEEP HEATHER:Extras=Maille piquée	16	13500	01/04/15	10
5012202322007	5012203323058	Homme	Chemise pure soie	Chemise	Stand'Up	Homme			MUTINY TAHITI	KOKOLO	Collection "Stand'Up" – Stars LoversKin_13Chemise Homme Coupe droite Manches courtes - Ouverture zippéeKin_13Pure SoieKin_13L/BROWN	Modèle=Stars Lovers:Taille=L:Couleur_Texture=BROWN:Extras=Ouverture zippée	16	13000	01/04/15	10
5012202322007	5012203423055	Homme	Chemise pure soie	Chemise	Stand'Up	Homme			MUTINY TAHITI	KOKOLO	Collection "Stand'Up" – Stars LoversKin_13Chemise Homme Coupe droite Manches courtes - Ouverture boutonsKin_13Pure SoieKin_13L/BROWN	Modèle=Stars Lovers:Taille=L:Couleur_Texture=BROWN:Extras=Ouverture boutons	16	12500	01/04/15	10
5012202322007	5012203523052	Homme	Chemise pure soie	Chemise	Stand'Up	Homme			MUTINY TAHITI	KOKOLO	Collection "Stand'Up" – Stars LoversKin_13Chemise Homme Coupe droite Manches courtes - Maille piquéeKin_13Pure SoieKin_13L/BROWN	Modèle=Stars Lovers:Taille=L:Couleur_Texture=BROWN:Extras=Maille piquée	16	13500	01/04/15	10
5012202322007	5012203323065	Homme	Chemise pure soie	Chemise	Stand'Up	Homme			MUTINY TAHITI	KOKOLO	Collection "Stand'Up" – Stars LoversKin_13Chemise Homme Coupe droite Manches courtes - Ouverture zippéeKin_13Pure SoieKin_13L/NAVY	Modèle=Stars Lovers:Taille=L:Couleur_Texture=NAVY:Extras=Ouverture zippée	16	13000	01/04/15	10
5012202322007	5012203423062	Homme	Chemise pure soie	Chemise	Stand'Up	Homme			MUTINY TAHITI	KOKOLO	Collection "Stand'Up" – Stars LoversKin_13Chemise Homme Coupe droite Manches courtes - Ouverture boutonsKin_13Pure SoieKin_13L/NAVY	Modèle=Stars Lovers:Taille=L:Couleur_Texture=NAVY:Extras=Ouverture boutons	16	12500	01/04/15	10
5012202322007	5012203523069	Homme	Chemise pure soie	Chemise	Stand'Up	Homme			MUTINY TAHITI	KOKOLO	Collection "Stand'Up" – Stars LoversKin_13Chemise Homme Coupe droite Manches courtes - Maille piquéeKin_13Pure SoieKin_13L/NAVY	Modèle=Stars Lovers:Taille=L:Couleur_Texture=NAVY:Extras=Maille piquée	16	13500	01/04/15	10
5012202322007	5012203324048	Homme	Chemise pure soie	Chemise	Stand'Up	Homme			MUTINY TAHITI	KOKOLO	Collection "Stand'Up" – Stars LoversKin_13Chemise Homme Coupe droite Manches courtes - Ouverture zippéeKin_13Pure SoieKin_13XL/DEEP HEATHER	Modèle=Stars Lovers:Taille=XL:Couleur_Texture=DEEP HEATHER:Extras=Ouverture zippée	16	13200	01/04/15	10
5012202322007	5012203424045	Homme	Chemise pure soie	Chemise	Stand'Up	Homme			MUTINY TAHITI	KOKOLO	Collection "Stand'Up" – Stars LoversKin_13Chemise Homme Coupe droite Manches courtes - Ouverture boutonsKin_13Pure SoieKin_13XL/DEEP HEATHER	Modèle=Stars Lovers:Taille=XL:Couleur_Texture=DEEP HEATHER:Extras=Ouverture boutons	16	12700	01/04/15	10
5012202322007	5012203524042	Homme	Chemise pure soie	Chemise	Stand'Up	Homme			MUTINY TAHITI	KOKOLO	Collection "Stand'Up" – Stars LoversKin_13Chemise Homme Coupe droite Manches courtes - Maille piquéeKin_13Pure SoieKin_13XL/DEEP HEATHER	Modèle=Stars Lovers:Taille=XL:Couleur_Texture=DEEP HEATHER:Extras=Maille piquée	16	13700	01/04/15	10
5012202322007	5012203324055	Homme	Chemise pure soie	Chemise	Stand'Up	Homme			MUTINY TAHITI	KOKOLO	Collection "Stand'Up" – Stars LoversKin_13Chemise Homme Coupe droite Manches courtes - Ouverture zippéeKin_13Pure SoieKin_13XL/BROWN	Modèle=Stars Lovers:Taille=XL:Couleur_Texture=BROWN:Extras=Ouverture zippée	16	13200	01/04/15	10
5012202322007	5012203424052	Homme	Chemise pure soie	Chemise	Stand'Up	Homme			MUTINY TAHITI	KOKOLO	Collection "Stand'Up" – Stars LoversKin_13Chemise Homme Coupe droite Manches courtes - Ouverture boutonsKin_13Pure SoieKin_13XL/BROWN	Modèle=Stars Lovers:Taille=XL:Couleur_Texture=BROWN:Extras=Ouverture boutons	16	12700	01/04/15	10
5012202322007	5012203524059	Homme	Chemise pure soie	Chemise	Stand'Up	Homme			MUTINY TAHITI	KOKOLO	Collection "Stand'Up" – Stars LoversKin_13Chemise Homme Coupe droite Manches courtes - Maille piquéeKin_13Pure SoieKin_13XL/BROWN	Modèle=Stars Lovers:Taille=XL:Couleur_Texture=BROWN:Extras=Maille piquée	16	13700	01/04/15	10
5012202322007	5012203324062	Homme	Chemise pure soie	Chemise	Stand'Up	Homme			MUTINY TAHITI	KOKOLO	Collection "Stand'Up" – Stars LoversKin_13Chemise Homme Coupe droite Manches courtes - Ouverture zippéeKin_13Pure SoieKin_13XL/NAVY	Modèle=Stars Lovers:Taille=XL:Couleur_Texture=NAVY:Extras=Ouverture zippée	16	13200	01/04/15	10
5012202322007	5012203424069	Homme	Chemise pure soie	Chemise	Stand'Up	Homme			MUTINY TAHITI	KOKOLO	Collection "Stand'Up" – Stars LoversKin_13Chemise Homme Coupe droite Manches courtes - Ouverture boutonsKin_13Pure SoieKin_13XL/NAVY	Modèle=Stars Lovers:Taille=XL:Couleur_Texture=NAVY:Extras=Ouverture boutons	16	12700	01/04/15	10
5012202322007	5012203524066	Homme	Chemise pure soie	Chemise	Stand'Up	Homme			MUTINY TAHITI	KOKOLO	Collection "Stand'Up" – Stars LoversKin_13Chemise Homme Coupe droite Manches courtes - Maille piquéeKin_13Pure SoieKin_13XL/NAVY	Modèle=Stars Lovers:Taille=XL:Couleur_Texture=NAVY:Extras=Maille piquée	16	13700	01/04/15	10
5012202322007	5012222322049	Homme	Chemise pure soie	Chemise	Stand'Up	Homme			MUTINY TAHITI	KOKOLO	Collection "Stand'Up" – Washing MachineKin_13Chemise Homme Coupe fit Manches courtes - Ouverture zippéeKin_13Pure SoieKin_13M/DEEP HEATHER	Modèle=Washing Machine:Taille=M:Couleur_Texture=DEEP HEATHER:Extras=Ouverture zippée	16	12700	01/04/15	10
5012202322007	5012222422046	Homme	Chemise pure soie	Chemise	Stand'Up	Homme			MUTINY TAHITI	KOKOLO	Collection "Stand'Up" – Washing MachineKin_13Chemise Homme Coupe fit Manches courtes - Ouverture boutonsKin_13Pure SoieKin_13M/DEEP HEATHER	Modèle=Washing Machine:Taille=M:Couleur_Texture=DEEP HEATHER:Extras=Ouverture boutons	16	12200	01/04/15	10
5012202322007	5012222522043	Homme	Chemise pure soie	Chemise	Stand'Up	Homme			MUTINY TAHITI	KOKOLO	Collection "Stand'Up" – Washing MachineKin_13Chemise Homme Coupe fit Manches courtes - Maille piquéeKin_13Pure SoieKin_13M/DEEP HEATHER	Modèle=Washing Machine:Taille=M:Couleur_Texture=DEEP HEATHER:Extras=Maille piquée	16	13200	01/04/15	10
5012202322007	5012222322056	Homme	Chemise pure soie	Chemise	Stand'Up	Homme			MUTINY TAHITI	KOKOLO	Collection "Stand'Up" – Washing MachineKin_13Chemise Homme Coupe fit Manches courtes - Ouverture zippéeKin_13Pure SoieKin_13M/BROWN	Modèle=Washing Machine:Taille=M:Couleur_Texture=BROWN:Extras=Ouverture zippée	16	12700	01/04/15	10
5012202322007	5012222422053	Homme	Chemise pure soie	Chemise	Stand'Up	Homme			MUTINY TAHITI	KOKOLO	Collection "Stand'Up" – Washing MachineKin_13Chemise Homme Coupe fit Manches courtes - Ouverture boutonsKin_13Pure SoieKin_13M/BROWN	Modèle=Washing Machine:Taille=M:Couleur_Texture=BROWN:Extras=Ouverture boutons	16	12200	01/04/15	10
5012202322007	5012222522050	Homme	Chemise pure soie	Chemise	Stand'Up	Homme			MUTINY TAHITI	KOKOLO	Collection "Stand'Up" – Washing MachineKin_13Chemise Homme Coupe fit Manches courtes - Maille piquéeKin_13Pure SoieKin_13M/BROWN	Modèle=Washing Machine:Taille=M:Couleur_Texture=BROWN:Extras=Maille piquée	16	13200	01/04/15	10
5012202322007	5012222322063	Homme	Chemise pure soie	Chemise	Stand'Up	Homme			MUTINY TAHITI	KOKOLO	Collection "Stand'Up" – Washing MachineKin_13Chemise Homme Coupe fit Manches courtes - Ouverture zippéeKin_13Pure SoieKin_13M/NAVY	Modèle=Washing Machine:Taille=M:Couleur_Texture=NAVY:Extras=Ouverture zippée	16	12700	01/04/15	10
5012202322007	5012222422060	Homme	Chemise pure soie	Chemise	Stand'Up	Homme			MUTINY TAHITI	KOKOLO	Collection "Stand'Up" – Washing MachineKin_13Chemise Homme Coupe fit Manches courtes - Ouverture boutonsKin_13Pure SoieKin_13M/NAVY	Modèle=Washing Machine:Taille=M:Couleur_Texture=NAVY:Extras=Ouverture boutons	16	12200	01/04/15	10
5012202322007	5012222522067	Homme	Chemise pure soie	Chemise	Stand'Up	Homme			MUTINY TAHITI	KOKOLO	Collection "Stand'Up" – Washing MachineKin_13Chemise Homme Coupe fit Manches courtes - Maille piquéeKin_13Pure SoieKin_13M/NAVY	Modèle=Washing Machine:Taille=M:Couleur_Texture=NAVY:Extras=Maille piquée	16	13200	01/04/15	10
5012202322007	5012222323046	Homme	Chemise pure soie	Chemise	Stand'Up	Homme			MUTINY TAHITI	KOKOLO	Collection "Stand'Up" – Washing MachineKin_13Chemise Homme Coupe fit Manches courtes - Ouverture zippéeKin_13Pure SoieKin_13L/DEEP HEATHER	Modèle=Washing Machine:Taille=L:Couleur_Texture=DEEP HEATHER:Extras=Ouverture zippée	16	13000	01/04/15	10
5012202322007	5012222423043	Homme	Chemise pure soie	Chemise	Stand'Up	Homme			MUTINY TAHITI	KOKOLO	Collection "Stand'Up" – Washing MachineKin_13Chemise Homme Coupe fit Manches courtes - Ouverture boutonsKin_13Pure SoieKin_13L/DEEP HEATHER	Modèle=Washing Machine:Taille=L:Couleur_Texture=DEEP HEATHER:Extras=Ouverture boutons	16	12500	01/04/15	10
5012202322007	5012222523040	Homme	Chemise pure soie	Chemise	Stand'Up	Homme			MUTINY TAHITI	KOKOLO	Collection "Stand'Up" – Washing MachineKin_13Chemise Homme Coupe fit Manches courtes - Maille piquéeKin_13Pure SoieKin_13L/DEEP HEATHER	Modèle=Washing Machine:Taille=L:Couleur_Texture=DEEP HEATHER:Extras=Maille piquée	16	13500	01/04/15	10
5012202322007	5012222323053	Homme	Chemise pure soie	Chemise	Stand'Up	Homme			MUTINY TAHITI	KOKOLO	Collection "Stand'Up" – Washing MachineKin_13Chemise Homme Coupe fit Manches courtes - Ouverture zippéeKin_13Pure SoieKin_13L/BROWN	Modèle=Washing Machine:Taille=L:Couleur_Texture=BROWN:Extras=Ouverture zippée	16	13000	01/04/15	10
5012202322007	5012222423050	Homme	Chemise pure soie	Chemise	Stand'Up	Homme			MUTINY TAHITI	KOKOLO	Collection "Stand'Up" – Washing MachineKin_13Chemise Homme Coupe fit Manches courtes - Ouverture boutonsKin_13Pure SoieKin_13L/BROWN	Modèle=Washing Machine:Taille=L:Couleur_Texture=BROWN:Extras=Ouverture boutons	16	12500	01/04/15	10
5012202322007	5012222523057	Homme	Chemise pure soie	Chemise	Stand'Up	Homme			MUTINY TAHITI	KOKOLO	Collection "Stand'Up" – Washing MachineKin_13Chemise Homme Coupe fit Manches courtes - Maille piquéeKin_13Pure SoieKin_13L/BROWN	Modèle=Washing Machine:Taille=L:Couleur_Texture=BROWN:Extras=Maille piquée	16	13500	01/04/15	10
5012202322007	5012222323060	Homme	Chemise pure soie	Chemise	Stand'Up	Homme			MUTINY TAHITI	KOKOLO	Collection "Stand'Up" – Washing MachineKin_13Chemise Homme Coupe fit Manches courtes - Ouverture zippéeKin_13Pure SoieKin_13L/NAVY	Modèle=Washing Machine:Taille=L:Couleur_Texture=NAVY:Extras=Ouverture zippée	16	13000	01/04/15	10
5012202322007	5012222423067	Homme	Chemise pure soie	Chemise	Stand'Up	Homme			MUTINY TAHITI	KOKOLO	Collection "Stand'Up" – Washing MachineKin_13Chemise Homme Coupe fit Manches courtes - Ouverture boutonsKin_13Pure SoieKin_13L/NAVY	Modèle=Washing Machine:Taille=L:Couleur_Texture=NAVY:Extras=Ouverture boutons	16	12500	01/04/15	10
5012202322007	5012222523064	Homme	Chemise pure soie	Chemise	Stand'Up	Homme			MUTINY TAHITI	KOKOLO	Collection "Stand'Up" – Washing MachineKin_13Chemise Homme Coupe fit Manches courtes - Maille piquéeKin_13Pure SoieKin_13L/NAVY	Modèle=Washing Machine:Taille=L:Couleur_Texture=NAVY:Extras=Maille piquée	16	13500	01/04/15	10
5012202322007	5012222324043	Homme	Chemise pure soie	Chemise	Stand'Up	Homme			MUTINY TAHITI	KOKOLO	Collection "Stand'Up" – Washing MachineKin_13Chemise Homme Coupe fit Manches courtes - Ouverture zippéeKin_13Pure SoieKin_13XL/DEEP HEATHER	Modèle=Washing Machine:Taille=XL:Couleur_Texture=DEEP HEATHER:Extras=Ouverture zippée	16	13200	01/04/15	10
5012202322007	5012222424040	Homme	Chemise pure soie	Chemise	Stand'Up	Homme			MUTINY TAHITI	KOKOLO	Collection "Stand'Up" – Washing MachineKin_13Chemise Homme Coupe fit Manches courtes - Ouverture boutonsKin_13Pure SoieKin_13XL/DEEP HEATHER	Modèle=Washing Machine:Taille=XL:Couleur_Texture=DEEP HEATHER:Extras=Ouverture boutons	16	12700	01/04/15	10
5012202322007	5012222524047	Homme	Chemise pure soie	Chemise	Stand'Up	Homme			MUTINY TAHITI	KOKOLO	Collection "Stand'Up" – Washing MachineKin_13Chemise Homme Coupe fit Manches courtes - Maille piquéeKin_13Pure SoieKin_13XL/DEEP HEATHER	Modèle=Washing Machine:Taille=XL:Couleur_Texture=DEEP HEATHER:Extras=Maille piquée	16	13700	01/04/15	10
5012202322007	5012222324050	Homme	Chemise pure soie	Chemise	Stand'Up	Homme			MUTINY TAHITI	KOKOLO	Collection "Stand'Up" – Washing MachineKin_13Chemise Homme Coupe fit Manches courtes - Ouverture zippéeKin_13Pure SoieKin_13XL/BROWN	Modèle=Washing Machine:Taille=XL:Couleur_Texture=BROWN:Extras=Ouverture zippée	16	13200	01/04/15	10
5012202322007	5012222424057	Homme	Chemise pure soie	Chemise	Stand'Up	Homme			MUTINY TAHITI	KOKOLO	Collection "Stand'Up" – Washing MachineKin_13Chemise Homme Coupe fit Manches courtes - Ouverture boutonsKin_13Pure SoieKin_13XL/BROWN	Modèle=Washing Machine:Taille=XL:Couleur_Texture=BROWN:Extras=Ouverture boutons	16	12700	01/04/15	10
5012202322007	5012222524054	Homme	Chemise pure soie	Chemise	Stand'Up	Homme			MUTINY TAHITI	KOKOLO	Collection "Stand'Up" – Washing MachineKin_13Chemise Homme Coupe fit Manches courtes - Maille piquéeKin_13Pure SoieKin_13XL/BROWN	Modèle=Washing Machine:Taille=XL:Couleur_Texture=BROWN:Extras=Maille piquée	16	13700	01/04/15	10
5012202322007	5012222324067	Homme	Chemise pure soie	Chemise	Stand'Up	Homme			MUTINY TAHITI	KOKOLO	Collection "Stand'Up" – Washing MachineKin_13Chemise Homme Coupe fit Manches courtes - Ouverture zippéeKin_13Pure SoieKin_13XL/NAVY	Modèle=Washing Machine:Taille=XL:Couleur_Texture=NAVY:Extras=Ouverture zippée	16	13200	01/04/15	10
5012202322007	5012222424064	Homme	Chemise pure soie	Chemise	Stand'Up	Homme			MUTINY TAHITI	KOKOLO	Collection "Stand'Up" – Washing MachineKin_13Chemise Homme Coupe fit Manches courtes - Ouverture boutonsKin_13Pure SoieKin_13XL/NAVY	Modèle=Washing Machine:Taille=XL:Couleur_Texture=NAVY:Extras=Ouverture boutons	16	12700	01/04/15	10
5012202322007	5012222524061	Homme	Chemise pure soie	Chemise	Stand'Up	Homme			MUTINY TAHITI	KOKOLO	Collection "Stand'Up" – Washing MachineKin_13Chemise Homme Coupe fit Manches courtes - Maille piquéeKin_13Pure SoieKin_13XL/NAVY	Modèle=Washing Machine:Taille=XL:Couleur_Texture=NAVY:Extras=Maille piquée	16	13700	01/04/15	10
5012202322007	5012223322048	Homme	Chemise pure soie	Chemise	Stand'Up	Homme			MUTINY TAHITI	KOKOLO	Collection "Stand'Up" – Stars LoversKin_13Chemise Homme Coupe fit Manches courtes - Ouverture zippéeKin_13Pure SoieKin_13M/DEEP HEATHER	Modèle=Stars Lovers:Taille=M:Couleur_Texture=DEEP HEATHER:Extras=Ouverture zippée	16	12700	01/04/15	10
5012202322007	5012223422045	Homme	Chemise pure soie	Chemise	Stand'Up	Homme			MUTINY TAHITI	KOKOLO	Collection "Stand'Up" – Stars LoversKin_13Chemise Homme Coupe fit Manches courtes - Ouverture boutonsKin_13Pure SoieKin_13M/DEEP HEATHER	Modèle=Stars Lovers:Taille=M:Couleur_Texture=DEEP HEATHER:Extras=Ouverture boutons	16	12200	01/04/15	10
5012202322007	5012223522042	Homme	Chemise pure soie	Chemise	Stand'Up	Homme			MUTINY TAHITI	KOKOLO	Collection "Stand'Up" – Stars LoversKin_13Chemise Homme Coupe fit Manches courtes - Maille piquéeKin_13Pure SoieKin_13M/DEEP HEATHER	Modèle=Stars Lovers:Taille=M:Couleur_Texture=DEEP HEATHER:Extras=Maille piquée	16	13200	01/04/15	10
5012202322007	5012223322055	Homme	Chemise pure soie	Chemise	Stand'Up	Homme			MUTINY TAHITI	KOKOLO	Collection "Stand'Up" – Stars LoversKin_13Chemise Homme Coupe fit Manches courtes - Ouverture zippéeKin_13Pure SoieKin_13M/BROWN	Modèle=Stars Lovers:Taille=M:Couleur_Texture=BROWN:Extras=Ouverture zippée	16	12700	01/04/15	10
5012202322007	5012223422052	Homme	Chemise pure soie	Chemise	Stand'Up	Homme			MUTINY TAHITI	KOKOLO	Collection "Stand'Up" – Stars LoversKin_13Chemise Homme Coupe fit Manches courtes - Ouverture boutonsKin_13Pure SoieKin_13M/BROWN	Modèle=Stars Lovers:Taille=M:Couleur_Texture=BROWN:Extras=Ouverture boutons	16	12200	01/04/15	10
5012202322007	5012223522059	Homme	Chemise pure soie	Chemise	Stand'Up	Homme			MUTINY TAHITI	KOKOLO	Collection "Stand'Up" – Stars LoversKin_13Chemise Homme Coupe fit Manches courtes - Maille piquéeKin_13Pure SoieKin_13M/BROWN	Modèle=Stars Lovers:Taille=M:Couleur_Texture=BROWN:Extras=Maille piquée	16	13200	01/04/15	10
5012202322007	5012223322062	Homme	Chemise pure soie	Chemise	Stand'Up	Homme			MUTINY TAHITI	KOKOLO	Collection "Stand'Up" – Stars LoversKin_13Chemise Homme Coupe fit Manches courtes - Ouverture zippéeKin_13Pure SoieKin_13M/NAVY	Modèle=Stars Lovers:Taille=M:Couleur_Texture=NAVY:Extras=Ouverture zippée	16	12700	01/04/15	10
5012202322007	5012223422069	Homme	Chemise pure soie	Chemise	Stand'Up	Homme			MUTINY TAHITI	KOKOLO	Collection "Stand'Up" – Stars LoversKin_13Chemise Homme Coupe fit Manches courtes - Ouverture boutonsKin_13Pure SoieKin_13M/NAVY	Modèle=Stars Lovers:Taille=M:Couleur_Texture=NAVY:Extras=Ouverture boutons	16	12200	01/04/15	10
5012202322007	5012223522066	Homme	Chemise pure soie	Chemise	Stand'Up	Homme			MUTINY TAHITI	KOKOLO	Collection "Stand'Up" – Stars LoversKin_13Chemise Homme Coupe fit Manches courtes - Maille piquéeKin_13Pure SoieKin_13M/NAVY	Modèle=Stars Lovers:Taille=M:Couleur_Texture=NAVY:Extras=Maille piquée	16	13200	01/04/15	10
5012202322007	5012223323045	Homme	Chemise pure soie	Chemise	Stand'Up	Homme			MUTINY TAHITI	KOKOLO	Collection "Stand'Up" – Stars LoversKin_13Chemise Homme Coupe fit Manches courtes - Ouverture zippéeKin_13Pure SoieKin_13L/DEEP HEATHER	Modèle=Stars Lovers:Taille=L:Couleur_Texture=DEEP HEATHER:Extras=Ouverture zippée	16	13000	01/04/15	10
5012202322007	5012223423042	Homme	Chemise pure soie	Chemise	Stand'Up	Homme			MUTINY TAHITI	KOKOLO	Collection "Stand'Up" – Stars LoversKin_13Chemise Homme Coupe fit Manches courtes - Ouverture boutonsKin_13Pure SoieKin_13L/DEEP HEATHER	Modèle=Stars Lovers:Taille=L:Couleur_Texture=DEEP HEATHER:Extras=Ouverture boutons	16	12500	01/04/15	10
5012202322007	5012223523049	Homme	Chemise pure soie	Chemise	Stand'Up	Homme			MUTINY TAHITI	KOKOLO	Collection "Stand'Up" – Stars LoversKin_13Chemise Homme Coupe fit Manches courtes - Maille piquéeKin_13Pure SoieKin_13L/DEEP HEATHER	Modèle=Stars Lovers:Taille=L:Couleur_Texture=DEEP HEATHER:Extras=Maille piquée	16	13500	01/04/15	10
5012202322007	5012223323052	Homme	Chemise pure soie	Chemise	Stand'Up	Homme			MUTINY TAHITI	KOKOLO	Collection "Stand'Up" – Stars LoversKin_13Chemise Homme Coupe fit Manches courtes - Ouverture zippéeKin_13Pure SoieKin_13L/BROWN	Modèle=Stars Lovers:Taille=L:Couleur_Texture=BROWN:Extras=Ouverture zippée	16	13000	01/04/15	10
5012202322007	5012223423059	Homme	Chemise pure soie	Chemise	Stand'Up	Homme			MUTINY TAHITI	KOKOLO	Collection "Stand'Up" – Stars LoversKin_13Chemise Homme Coupe fit Manches courtes - Ouverture boutonsKin_13Pure SoieKin_13L/BROWN	Modèle=Stars Lovers:Taille=L:Couleur_Texture=BROWN:Extras=Ouverture boutons	16	12500	01/04/15	10
5012202322007	5012223523056	Homme	Chemise pure soie	Chemise	Stand'Up	Homme			MUTINY TAHITI	KOKOLO	Collection "Stand'Up" – Stars LoversKin_13Chemise Homme Coupe fit Manches courtes - Maille piquéeKin_13Pure SoieKin_13L/BROWN	Modèle=Stars Lovers:Taille=L:Couleur_Texture=BROWN:Extras=Maille piquée	16	13500	01/04/15	10
5012202322007	5012223323069	Homme	Chemise pure soie	Chemise	Stand'Up	Homme			MUTINY TAHITI	KOKOLO	Collection "Stand'Up" – Stars LoversKin_13Chemise Homme Coupe fit Manches courtes - Ouverture zippéeKin_13Pure SoieKin_13L/NAVY	Modèle=Stars Lovers:Taille=L:Couleur_Texture=NAVY:Extras=Ouverture zippée	16	13000	01/04/15	10
5012202322007	5012223423066	Homme	Chemise pure soie	Chemise	Stand'Up	Homme			MUTINY TAHITI	KOKOLO	Collection "Stand'Up" – Stars LoversKin_13Chemise Homme Coupe fit Manches courtes - Ouverture boutonsKin_13Pure SoieKin_13L/NAVY	Modèle=Stars Lovers:Taille=L:Couleur_Texture=NAVY:Extras=Ouverture boutons	16	12500	01/04/15	10
5012202322007	5012223523063	Homme	Chemise pure soie	Chemise	Stand'Up	Homme			MUTINY TAHITI	KOKOLO	Collection "Stand'Up" – Stars LoversKin_13Chemise Homme Coupe fit Manches courtes - Maille piquéeKin_13Pure SoieKin_13L/NAVY	Modèle=Stars Lovers:Taille=L:Couleur_Texture=NAVY:Extras=Maille piquée	16	13500	01/04/15	10
5012202322007	5012223324042	Homme	Chemise pure soie	Chemise	Stand'Up	Homme			MUTINY TAHITI	KOKOLO	Collection "Stand'Up" – Stars LoversKin_13Chemise Homme Coupe fit Manches courtes - Ouverture zippéeKin_13Pure SoieKin_13XL/DEEP HEATHER	Modèle=Stars Lovers:Taille=XL:Couleur_Texture=DEEP HEATHER:Extras=Ouverture zippée	16	13200	01/04/15	10
5012202322007	5012223424049	Homme	Chemise pure soie	Chemise	Stand'Up	Homme			MUTINY TAHITI	KOKOLO	Collection "Stand'Up" – Stars LoversKin_13Chemise Homme Coupe fit Manches courtes - Ouverture boutonsKin_13Pure SoieKin_13XL/DEEP HEATHER	Modèle=Stars Lovers:Taille=XL:Couleur_Texture=DEEP HEATHER:Extras=Ouverture boutons	16	12700	01/04/15	10
5012202322007	5012223524046	Homme	Chemise pure soie	Chemise	Stand'Up	Homme			MUTINY TAHITI	KOKOLO	Collection "Stand'Up" – Stars LoversKin_13Chemise Homme Coupe fit Manches courtes - Maille piquéeKin_13Pure SoieKin_13XL/DEEP HEATHER	Modèle=Stars Lovers:Taille=XL:Couleur_Texture=DEEP HEATHER:Extras=Maille piquée	16	13700	01/04/15	10
5012202322007	5012223324059	Homme	Chemise pure soie	Chemise	Stand'Up	Homme			MUTINY TAHITI	KOKOLO	Collection "Stand'Up" – Stars LoversKin_13Chemise Homme Coupe fit Manches courtes - Ouverture zippéeKin_13Pure SoieKin_13XL/BROWN	Modèle=Stars Lovers:Taille=XL:Couleur_Texture=BROWN:Extras=Ouverture zippée	16	13200	01/04/15	10
5012202322007	5012223424056	Homme	Chemise pure soie	Chemise	Stand'Up	Homme			MUTINY TAHITI	KOKOLO	Collection "Stand'Up" – Stars LoversKin_13Chemise Homme Coupe fit Manches courtes - Ouverture boutonsKin_13Pure SoieKin_13XL/BROWN	Modèle=Stars Lovers:Taille=XL:Couleur_Texture=BROWN:Extras=Ouverture boutons	16	12700	01/04/15	10
5012202322007	5012223524053	Homme	Chemise pure soie	Chemise	Stand'Up	Homme			MUTINY TAHITI	KOKOLO	Collection "Stand'Up" – Stars LoversKin_13Chemise Homme Coupe fit Manches courtes - Maille piquéeKin_13Pure SoieKin_13XL/BROWN	Modèle=Stars Lovers:Taille=XL:Couleur_Texture=BROWN:Extras=Maille piquée	16	13700	01/04/15	10
5012202322007	5012223324066	Homme	Chemise pure soie	Chemise	Stand'Up	Homme			MUTINY TAHITI	KOKOLO	Collection "Stand'Up" – Stars LoversKin_13Chemise Homme Coupe fit Manches courtes - Ouverture zippéeKin_13Pure SoieKin_13XL/NAVY	Modèle=Stars Lovers:Taille=XL:Couleur_Texture=NAVY:Extras=Ouverture zippée	16	13200	01/04/15	10
5012202322007	5012223424063	Homme	Chemise pure soie	Chemise	Stand'Up	Homme			MUTINY TAHITI	KOKOLO	Collection "Stand'Up" – Stars LoversKin_13Chemise Homme Coupe fit Manches courtes - Ouverture boutonsKin_13Pure SoieKin_13XL/NAVY	Modèle=Stars Lovers:Taille=XL:Couleur_Texture=NAVY:Extras=Ouverture boutons	16	12700	01/04/15	10
5012202322007	5012223524060	Homme	Chemise pure soie	Chemise	Stand'Up	Homme			MUTINY TAHITI	KOKOLO	Collection "Stand'Up" – Stars LoversKin_13Chemise Homme Coupe fit Manches courtes - Maille piquéeKin_13Pure SoieKin_13XL/NAVY	Modèle=Stars Lovers:Taille=XL:Couleur_Texture=NAVY:Extras=Maille piquée	16	13700	01/04/15	10
5012202322007	5012242322043	Homme	Chemise pure soie	Chemise	Stand'Up	Homme			MUTINY TAHITI	KOKOLO	Collection "Stand'Up" – Washing MachineKin_13Chemise Homme Coupe droite Manches courtes Col brodé - Ouverture zippéeKin_13Pure SoieKin_13M/DEEP HEATHER	Modèle=Washing Machine:Taille=M:Couleur_Texture=DEEP HEATHER:Extras=Ouverture zippée	16	12700	01/04/15	10
5012202322007	5012242422040	Homme	Chemise pure soie	Chemise	Stand'Up	Homme			MUTINY TAHITI	KOKOLO	Collection "Stand'Up" – Washing MachineKin_13Chemise Homme Coupe droite Manches courtes Col brodé - Ouverture boutonsKin_13Pure SoieKin_13M/DEEP HEATHER	Modèle=Washing Machine:Taille=M:Couleur_Texture=DEEP HEATHER:Extras=Ouverture boutons	16	12200	01/04/15	10
5012202322007	5012242522047	Homme	Chemise pure soie	Chemise	Stand'Up	Homme			MUTINY TAHITI	KOKOLO	Collection "Stand'Up" – Washing MachineKin_13Chemise Homme Coupe droite Manches courtes Col brodé - Maille piquéeKin_13Pure SoieKin_13M/DEEP HEATHER	Modèle=Washing Machine:Taille=M:Couleur_Texture=DEEP HEATHER:Extras=Maille piquée	16	13200	01/04/15	10
5012202322007	5012242322050	Homme	Chemise pure soie	Chemise	Stand'Up	Homme			MUTINY TAHITI	KOKOLO	Collection "Stand'Up" – Washing MachineKin_13Chemise Homme Coupe droite Manches courtes Col brodé - Ouverture zippéeKin_13Pure SoieKin_13M/BROWN	Modèle=Washing Machine:Taille=M:Couleur_Texture=BROWN:Extras=Ouverture zippée	16	12700	01/04/15	10
5012202322007	5012242422057	Homme	Chemise pure soie	Chemise	Stand'Up	Homme			MUTINY TAHITI	KOKOLO	Collection "Stand'Up" – Washing MachineKin_13Chemise Homme Coupe droite Manches courtes Col brodé - Ouverture boutonsKin_13Pure SoieKin_13M/BROWN	Modèle=Washing Machine:Taille=M:Couleur_Texture=BROWN:Extras=Ouverture boutons	16	12200	01/04/15	10
5012202322007	5012242522054	Homme	Chemise pure soie	Chemise	Stand'Up	Homme			MUTINY TAHITI	KOKOLO	Collection "Stand'Up" – Washing MachineKin_13Chemise Homme Coupe droite Manches courtes Col brodé - Maille piquéeKin_13Pure SoieKin_13M/BROWN	Modèle=Washing Machine:Taille=M:Couleur_Texture=BROWN:Extras=Maille piquée	16	13200	01/04/15	10
5012202322007	5012242322067	Homme	Chemise pure soie	Chemise	Stand'Up	Homme			MUTINY TAHITI	KOKOLO	Collection "Stand'Up" – Washing MachineKin_13Chemise Homme Coupe droite Manches courtes Col brodé - Ouverture zippéeKin_13Pure SoieKin_13M/NAVY	Modèle=Washing Machine:Taille=M:Couleur_Texture=NAVY:Extras=Ouverture zippée	16	12700	01/04/15	10
5012202322007	5012242422064	Homme	Chemise pure soie	Chemise	Stand'Up	Homme			MUTINY TAHITI	KOKOLO	Collection "Stand'Up" – Washing MachineKin_13Chemise Homme Coupe droite Manches courtes Col brodé - Ouverture boutonsKin_13Pure SoieKin_13M/NAVY	Modèle=Washing Machine:Taille=M:Couleur_Texture=NAVY:Extras=Ouverture boutons	16	12200	01/04/15	10
5012202322007	5012242522061	Homme	Chemise pure soie	Chemise	Stand'Up	Homme			MUTINY TAHITI	KOKOLO	Collection "Stand'Up" – Washing MachineKin_13Chemise Homme Coupe droite Manches courtes Col brodé - Maille piquéeKin_13Pure SoieKin_13M/NAVY	Modèle=Washing Machine:Taille=M:Couleur_Texture=NAVY:Extras=Maille piquée	16	13200	01/04/15	10
5012202322007	5012242323040	Homme	Chemise pure soie	Chemise	Stand'Up	Homme			MUTINY TAHITI	KOKOLO	Collection "Stand'Up" – Washing MachineKin_13Chemise Homme Coupe droite Manches courtes Col brodé - Ouverture zippéeKin_13Pure SoieKin_13L/DEEP HEATHER	Modèle=Washing Machine:Taille=L:Couleur_Texture=DEEP HEATHER:Extras=Ouverture zippée	16	13000	01/04/15	10
5012202322007	5012242423047	Homme	Chemise pure soie	Chemise	Stand'Up	Homme			MUTINY TAHITI	KOKOLO	Collection "Stand'Up" – Washing MachineKin_13Chemise Homme Coupe droite Manches courtes Col brodé - Ouverture boutonsKin_13Pure SoieKin_13L/DEEP HEATHER	Modèle=Washing Machine:Taille=L:Couleur_Texture=DEEP HEATHER:Extras=Ouverture boutons	16	12500	01/04/15	10
5012202322007	5012242523044	Homme	Chemise pure soie	Chemise	Stand'Up	Homme			MUTINY TAHITI	KOKOLO	Collection "Stand'Up" – Washing MachineKin_13Chemise Homme Coupe droite Manches courtes Col brodé - Maille piquéeKin_13Pure SoieKin_13L/DEEP HEATHER	Modèle=Washing Machine:Taille=L:Couleur_Texture=DEEP HEATHER:Extras=Maille piquée	16	13500	01/04/15	10
5012202322007	5012242323057	Homme	Chemise pure soie	Chemise	Stand'Up	Homme			MUTINY TAHITI	KOKOLO	Collection "Stand'Up" – Washing MachineKin_13Chemise Homme Coupe droite Manches courtes Col brodé - Ouverture zippéeKin_13Pure SoieKin_13L/BROWN	Modèle=Washing Machine:Taille=L:Couleur_Texture=BROWN:Extras=Ouverture zippée	16	13000	01/04/15	10
5012202322007	5012242423054	Homme	Chemise pure soie	Chemise	Stand'Up	Homme			MUTINY TAHITI	KOKOLO	Collection "Stand'Up" – Washing MachineKin_13Chemise Homme Coupe droite Manches courtes Col brodé - Ouverture boutonsKin_13Pure SoieKin_13L/BROWN	Modèle=Washing Machine:Taille=L:Couleur_Texture=BROWN:Extras=Ouverture boutons	16	12500	01/04/15	10
5012202322007	5012242523051	Homme	Chemise pure soie	Chemise	Stand'Up	Homme			MUTINY TAHITI	KOKOLO	Collection "Stand'Up" – Washing MachineKin_13Chemise Homme Coupe droite Manches courtes Col brodé - Maille piquéeKin_13Pure SoieKin_13L/BROWN	Modèle=Washing Machine:Taille=L:Couleur_Texture=BROWN:Extras=Maille piquée	16	13500	01/04/15	10
5012202322007	5012242323064	Homme	Chemise pure soie	Chemise	Stand'Up	Homme			MUTINY TAHITI	KOKOLO	Collection "Stand'Up" – Washing MachineKin_13Chemise Homme Coupe droite Manches courtes Col brodé - Ouverture zippéeKin_13Pure SoieKin_13L/NAVY	Modèle=Washing Machine:Taille=L:Couleur_Texture=NAVY:Extras=Ouverture zippée	16	13000	01/04/15	10
5012202322007	5012242423061	Homme	Chemise pure soie	Chemise	Stand'Up	Homme			MUTINY TAHITI	KOKOLO	Collection "Stand'Up" – Washing MachineKin_13Chemise Homme Coupe droite Manches courtes Col brodé - Ouverture boutonsKin_13Pure SoieKin_13L/NAVY	Modèle=Washing Machine:Taille=L:Couleur_Texture=NAVY:Extras=Ouverture boutons	16	12500	01/04/15	10
5012202322007	5012242523068	Homme	Chemise pure soie	Chemise	Stand'Up	Homme			MUTINY TAHITI	KOKOLO	Collection "Stand'Up" – Washing MachineKin_13Chemise Homme Coupe droite Manches courtes Col brodé - Maille piquéeKin_13Pure SoieKin_13L/NAVY	Modèle=Washing Machine:Taille=L:Couleur_Texture=NAVY:Extras=Maille piquée	16	13500	01/04/15	10
5012202322007	5012242324047	Homme	Chemise pure soie	Chemise	Stand'Up	Homme			MUTINY TAHITI	KOKOLO	Collection "Stand'Up" – Washing MachineKin_13Chemise Homme Coupe droite Manches courtes Col brodé - Ouverture zippéeKin_13Pure SoieKin_13XL/DEEP HEATHER	Modèle=Washing Machine:Taille=XL:Couleur_Texture=DEEP HEATHER:Extras=Ouverture zippée	16	13200	01/04/15	10
5012202322007	5012242424044	Homme	Chemise pure soie	Chemise	Stand'Up	Homme			MUTINY TAHITI	KOKOLO	Collection "Stand'Up" – Washing MachineKin_13Chemise Homme Coupe droite Manches courtes Col brodé - Ouverture boutonsKin_13Pure SoieKin_13XL/DEEP HEATHER	Modèle=Washing Machine:Taille=XL:Couleur_Texture=DEEP HEATHER:Extras=Ouverture boutons	16	12700	01/04/15	10
5012202322007	5012242524041	Homme	Chemise pure soie	Chemise	Stand'Up	Homme			MUTINY TAHITI	KOKOLO	Collection "Stand'Up" – Washing MachineKin_13Chemise Homme Coupe droite Manches courtes Col brodé - Maille piquéeKin_13Pure SoieKin_13XL/DEEP HEATHER	Modèle=Washing Machine:Taille=XL:Couleur_Texture=DEEP HEATHER:Extras=Maille piquée	16	13700	01/04/15	10
5012202322007	5012242324054	Homme	Chemise pure soie	Chemise	Stand'Up	Homme			MUTINY TAHITI	KOKOLO	Collection "Stand'Up" – Washing MachineKin_13Chemise Homme Coupe droite Manches courtes Col brodé - Ouverture zippéeKin_13Pure SoieKin_13XL/BROWN	Modèle=Washing Machine:Taille=XL:Couleur_Texture=BROWN:Extras=Ouverture zippée	16	13200	01/04/15	10
5012202322007	5012242424051	Homme	Chemise pure soie	Chemise	Stand'Up	Homme			MUTINY TAHITI	KOKOLO	Collection "Stand'Up" – Washing MachineKin_13Chemise Homme Coupe droite Manches courtes Col brodé - Ouverture boutonsKin_13Pure SoieKin_13XL/BROWN	Modèle=Washing Machine:Taille=XL:Couleur_Texture=BROWN:Extras=Ouverture boutons	16	12700	01/04/15	10
5012202322007	5012242524058	Homme	Chemise pure soie	Chemise	Stand'Up	Homme			MUTINY TAHITI	KOKOLO	Collection "Stand'Up" – Washing MachineKin_13Chemise Homme Coupe droite Manches courtes Col brodé - Maille piquéeKin_13Pure SoieKin_13XL/BROWN	Modèle=Washing Machine:Taille=XL:Couleur_Texture=BROWN:Extras=Maille piquée	16	13700	01/04/15	10
5012202322007	5012242324061	Homme	Chemise pure soie	Chemise	Stand'Up	Homme			MUTINY TAHITI	KOKOLO	Collection "Stand'Up" – Washing MachineKin_13Chemise Homme Coupe droite Manches courtes Col brodé - Ouverture zippéeKin_13Pure SoieKin_13XL/NAVY	Modèle=Washing Machine:Taille=XL:Couleur_Texture=NAVY:Extras=Ouverture zippée	16	13200	01/04/15	10
5012202322007	5012242424068	Homme	Chemise pure soie	Chemise	Stand'Up	Homme			MUTINY TAHITI	KOKOLO	Collection "Stand'Up" – Washing MachineKin_13Chemise Homme Coupe droite Manches courtes Col brodé - Ouverture boutonsKin_13Pure SoieKin_13XL/NAVY	Modèle=Washing Machine:Taille=XL:Couleur_Texture=NAVY:Extras=Ouverture boutons	16	12700	01/04/15	10
5012202322007	5012242524065	Homme	Chemise pure soie	Chemise	Stand'Up	Homme			MUTINY TAHITI	KOKOLO	Collection "Stand'Up" – Washing MachineKin_13Chemise Homme Coupe droite Manches courtes Col brodé - Maille piquéeKin_13Pure SoieKin_13XL/NAVY	Modèle=Washing Machine:Taille=XL:Couleur_Texture=NAVY:Extras=Maille piquée	16	13700	01/04/15	10
5012202322007	5012243322042	Homme	Chemise pure soie	Chemise	Stand'Up	Homme			MUTINY TAHITI	KOKOLO	Collection "Stand'Up" – Stars LoversKin_13Chemise Homme Coupe droite Manches courtes Col brodé - Ouverture zippéeKin_13Pure SoieKin_13M/DEEP HEATHER	Modèle=Stars Lovers:Taille=M:Couleur_Texture=DEEP HEATHER:Extras=Ouverture zippée	16	12700	01/04/15	10
5012202322007	5012243422049	Homme	Chemise pure soie	Chemise	Stand'Up	Homme			MUTINY TAHITI	KOKOLO	Collection "Stand'Up" – Stars LoversKin_13Chemise Homme Coupe droite Manches courtes Col brodé - Ouverture boutonsKin_13Pure SoieKin_13M/DEEP HEATHER	Modèle=Stars Lovers:Taille=M:Couleur_Texture=DEEP HEATHER:Extras=Ouverture boutons	16	12200	01/04/15	10
5012202322007	5012243522046	Homme	Chemise pure soie	Chemise	Stand'Up	Homme			MUTINY TAHITI	KOKOLO	Collection "Stand'Up" – Stars LoversKin_13Chemise Homme Coupe droite Manches courtes Col brodé - Maille piquéeKin_13Pure SoieKin_13M/DEEP HEATHER	Modèle=Stars Lovers:Taille=M:Couleur_Texture=DEEP HEATHER:Extras=Maille piquée	16	13200	01/04/15	10
5012202322007	5012243322059	Homme	Chemise pure soie	Chemise	Stand'Up	Homme			MUTINY TAHITI	KOKOLO	Collection "Stand'Up" – Stars LoversKin_13Chemise Homme Coupe droite Manches courtes Col brodé - Ouverture zippéeKin_13Pure SoieKin_13M/BROWN	Modèle=Stars Lovers:Taille=M:Couleur_Texture=BROWN:Extras=Ouverture zippée	16	12700	01/04/15	10
5012202322007	5012243422056	Homme	Chemise pure soie	Chemise	Stand'Up	Homme			MUTINY TAHITI	KOKOLO	Collection "Stand'Up" – Stars LoversKin_13Chemise Homme Coupe droite Manches courtes Col brodé - Ouverture boutonsKin_13Pure SoieKin_13M/BROWN	Modèle=Stars Lovers:Taille=M:Couleur_Texture=BROWN:Extras=Ouverture boutons	16	12200	01/04/15	10
5012202322007	5012243522053	Homme	Chemise pure soie	Chemise	Stand'Up	Homme			MUTINY TAHITI	KOKOLO	Collection "Stand'Up" – Stars LoversKin_13Chemise Homme Coupe droite Manches courtes Col brodé - Maille piquéeKin_13Pure SoieKin_13M/BROWN	Modèle=Stars Lovers:Taille=M:Couleur_Texture=BROWN:Extras=Maille piquée	16	13200	01/04/15	10
5012202322007	5012243322066	Homme	Chemise pure soie	Chemise	Stand'Up	Homme			MUTINY TAHITI	KOKOLO	Collection "Stand'Up" – Stars LoversKin_13Chemise Homme Coupe droite Manches courtes Col brodé - Ouverture zippéeKin_13Pure SoieKin_13M/NAVY	Modèle=Stars Lovers:Taille=M:Couleur_Texture=NAVY:Extras=Ouverture zippée	16	12700	01/04/15	10
5012202322007	5012243422063	Homme	Chemise pure soie	Chemise	Stand'Up	Homme			MUTINY TAHITI	KOKOLO	Collection "Stand'Up" – Stars LoversKin_13Chemise Homme Coupe droite Manches courtes Col brodé - Ouverture boutonsKin_13Pure SoieKin_13M/NAVY	Modèle=Stars Lovers:Taille=M:Couleur_Texture=NAVY:Extras=Ouverture boutons	16	12200	01/04/15	10
5012202322007	5012243522060	Homme	Chemise pure soie	Chemise	Stand'Up	Homme			MUTINY TAHITI	KOKOLO	Collection "Stand'Up" – Stars LoversKin_13Chemise Homme Coupe droite Manches courtes Col brodé - Maille piquéeKin_13Pure SoieKin_13M/NAVY	Modèle=Stars Lovers:Taille=M:Couleur_Texture=NAVY:Extras=Maille piquée	16	13200	01/04/15	10
5012202322007	5012243323049	Homme	Chemise pure soie	Chemise	Stand'Up	Homme			MUTINY TAHITI	KOKOLO	Collection "Stand'Up" – Stars LoversKin_13Chemise Homme Coupe droite Manches courtes Col brodé - Ouverture zippéeKin_13Pure SoieKin_13L/DEEP HEATHER	Modèle=Stars Lovers:Taille=L:Couleur_Texture=DEEP HEATHER:Extras=Ouverture zippée	16	13000	01/04/15	10
5012202322007	5012243423046	Homme	Chemise pure soie	Chemise	Stand'Up	Homme			MUTINY TAHITI	KOKOLO	Collection "Stand'Up" – Stars LoversKin_13Chemise Homme Coupe droite Manches courtes Col brodé - Ouverture boutonsKin_13Pure SoieKin_13L/DEEP HEATHER	Modèle=Stars Lovers:Taille=L:Couleur_Texture=DEEP HEATHER:Extras=Ouverture boutons	16	12500	01/04/15	10
5012202322007	5012243523043	Homme	Chemise pure soie	Chemise	Stand'Up	Homme			MUTINY TAHITI	KOKOLO	Collection "Stand'Up" – Stars LoversKin_13Chemise Homme Coupe droite Manches courtes Col brodé - Maille piquéeKin_13Pure SoieKin_13L/DEEP HEATHER	Modèle=Stars Lovers:Taille=L:Couleur_Texture=DEEP HEATHER:Extras=Maille piquée	16	13500	01/04/15	10
5012202322007	5012243323056	Homme	Chemise pure soie	Chemise	Stand'Up	Homme			MUTINY TAHITI	KOKOLO	Collection "Stand'Up" – Stars LoversKin_13Chemise Homme Coupe droite Manches courtes Col brodé - Ouverture zippéeKin_13Pure SoieKin_13L/BROWN	Modèle=Stars Lovers:Taille=L:Couleur_Texture=BROWN:Extras=Ouverture zippée	16	13000	01/04/15	10
5012202322007	5012243423053	Homme	Chemise pure soie	Chemise	Stand'Up	Homme			MUTINY TAHITI	KOKOLO	Collection "Stand'Up" – Stars LoversKin_13Chemise Homme Coupe droite Manches courtes Col brodé - Ouverture boutonsKin_13Pure SoieKin_13L/BROWN	Modèle=Stars Lovers:Taille=L:Couleur_Texture=BROWN:Extras=Ouverture boutons	16	12500	01/04/15	10
5012202322007	5012243523050	Homme	Chemise pure soie	Chemise	Stand'Up	Homme			MUTINY TAHITI	KOKOLO	Collection "Stand'Up" – Stars LoversKin_13Chemise Homme Coupe droite Manches courtes Col brodé - Maille piquéeKin_13Pure SoieKin_13L/BROWN	Modèle=Stars Lovers:Taille=L:Couleur_Texture=BROWN:Extras=Maille piquée	16	13500	01/04/15	10
5012202322007	5012243323063	Homme	Chemise pure soie	Chemise	Stand'Up	Homme			MUTINY TAHITI	KOKOLO	Collection "Stand'Up" – Stars LoversKin_13Chemise Homme Coupe droite Manches courtes Col brodé - Ouverture zippéeKin_13Pure SoieKin_13L/NAVY	Modèle=Stars Lovers:Taille=L:Couleur_Texture=NAVY:Extras=Ouverture zippée	16	13000	01/04/15	10
5012202322007	5012243423060	Homme	Chemise pure soie	Chemise	Stand'Up	Homme			MUTINY TAHITI	KOKOLO	Collection "Stand'Up" – Stars LoversKin_13Chemise Homme Coupe droite Manches courtes Col brodé - Ouverture boutonsKin_13Pure SoieKin_13L/NAVY	Modèle=Stars Lovers:Taille=L:Couleur_Texture=NAVY:Extras=Ouverture boutons	16	12500	01/04/15	10
5012202322007	5012243523067	Homme	Chemise pure soie	Chemise	Stand'Up	Homme			MUTINY TAHITI	KOKOLO	Collection "Stand'Up" – Stars LoversKin_13Chemise Homme Coupe droite Manches courtes Col brodé - Maille piquéeKin_13Pure SoieKin_13L/NAVY	Modèle=Stars Lovers:Taille=L:Couleur_Texture=NAVY:Extras=Maille piquée	16	13500	01/04/15	10
5012202322007	5012243324046	Homme	Chemise pure soie	Chemise	Stand'Up	Homme			MUTINY TAHITI	KOKOLO	Collection "Stand'Up" – Stars LoversKin_13Chemise Homme Coupe droite Manches courtes Col brodé - Ouverture zippéeKin_13Pure SoieKin_13XL/DEEP HEATHER	Modèle=Stars Lovers:Taille=XL:Couleur_Texture=DEEP HEATHER:Extras=Ouverture zippée	16	13200	01/04/15	10
5012202322007	5012243424043	Homme	Chemise pure soie	Chemise	Stand'Up	Homme			MUTINY TAHITI	KOKOLO	Collection "Stand'Up" – Stars LoversKin_13Chemise Homme Coupe droite Manches courtes Col brodé - Ouverture boutonsKin_13Pure SoieKin_13XL/DEEP HEATHER	Modèle=Stars Lovers:Taille=XL:Couleur_Texture=DEEP HEATHER:Extras=Ouverture boutons	16	12700	01/04/15	10
5012202322007	5012243524040	Homme	Chemise pure soie	Chemise	Stand'Up	Homme			MUTINY TAHITI	KOKOLO	Collection "Stand'Up" – Stars LoversKin_13Chemise Homme Coupe droite Manches courtes Col brodé - Maille piquéeKin_13Pure SoieKin_13XL/DEEP HEATHER	Modèle=Stars Lovers:Taille=XL:Couleur_Texture=DEEP HEATHER:Extras=Maille piquée	16	13700	01/04/15	10
5012202322007	5012243324053	Homme	Chemise pure soie	Chemise	Stand'Up	Homme			MUTINY TAHITI	KOKOLO	Collection "Stand'Up" – Stars LoversKin_13Chemise Homme Coupe droite Manches courtes Col brodé - Ouverture zippéeKin_13Pure SoieKin_13XL/BROWN	Modèle=Stars Lovers:Taille=XL:Couleur_Texture=BROWN:Extras=Ouverture zippée	16	13200	01/04/15	10
5012202322007	5012243424050	Homme	Chemise pure soie	Chemise	Stand'Up	Homme			MUTINY TAHITI	KOKOLO	Collection "Stand'Up" – Stars LoversKin_13Chemise Homme Coupe droite Manches courtes Col brodé - Ouverture boutonsKin_13Pure SoieKin_13XL/BROWN	Modèle=Stars Lovers:Taille=XL:Couleur_Texture=BROWN:Extras=Ouverture boutons	16	12700	01/04/15	10
5012202322007	5012243524057	Homme	Chemise pure soie	Chemise	Stand'Up	Homme			MUTINY TAHITI	KOKOLO	Collection "Stand'Up" – Stars LoversKin_13Chemise Homme Coupe droite Manches courtes Col brodé - Maille piquéeKin_13Pure SoieKin_13XL/BROWN	Modèle=Stars Lovers:Taille=XL:Couleur_Texture=BROWN:Extras=Maille piquée	16	13700	01/04/15	10
5012202322007	5012243324060	Homme	Chemise pure soie	Chemise	Stand'Up	Homme			MUTINY TAHITI	KOKOLO	Collection "Stand'Up" – Stars LoversKin_13Chemise Homme Coupe droite Manches courtes Col brodé - Ouverture zippéeKin_13Pure SoieKin_13XL/NAVY	Modèle=Stars Lovers:Taille=XL:Couleur_Texture=NAVY:Extras=Ouverture zippée	16	13200	01/04/15	10
5012202322007	5012243424067	Homme	Chemise pure soie	Chemise	Stand'Up	Homme			MUTINY TAHITI	KOKOLO	Collection "Stand'Up" – Stars LoversKin_13Chemise Homme Coupe droite Manches courtes Col brodé - Ouverture boutonsKin_13Pure SoieKin_13XL/NAVY	Modèle=Stars Lovers:Taille=XL:Couleur_Texture=NAVY:Extras=Ouverture boutons	16	12700	01/04/15	10
5012202322007	5012243524064	Homme	Chemise pure soie	Chemise	Stand'Up	Homme			MUTINY TAHITI	KOKOLO	Collection "Stand'Up" – Stars LoversKin_13Chemise Homme Coupe droite Manches courtes Col brodé - Maille piquéeKin_13Pure SoieKin_13XL/NAVY	Modèle=Stars Lovers:Taille=XL:Couleur_Texture=NAVY:Extras=Maille piquée	16	13700	01/04/15	10
